{"batch/loss": 0.5204039812088013, "batch/accuracy": 0.7632087469100952, "batch/batch_step": 7795, "batch/learning_rate": 0.0010000000474974513, "_timestamp": 1722439636.194936, "_runtime": 388.3503339290619, "_step": 1569, "epoch/loss": 0.5200921297073364, "epoch/accuracy": 0.7635135054588318, "epoch/val_loss": 0.7625967264175415, "epoch/val_accuracy": 0.5953420400619507, "epoch/lr": 0.0010000000474974513, "epoch/epoch": 9, "epoch/learning_rate": 0.0010000000474974513, "_wandb": {"runtime": 321}}
