{"batch/loss": 0.5176882743835449, "batch/accuracy": 0.7538659572601318, "batch/batch_step": 7795, "batch/learning_rate": 0.0010000000474974513, "_timestamp": 1722444505.7193892, "_runtime": 353.85494923591614, "_step": 1569, "epoch/loss": 0.5173564553260803, "epoch/accuracy": 0.754182755947113, "epoch/val_loss": 0.7310932874679565, "epoch/val_accuracy": 0.6016497015953064, "epoch/lr": 0.0010000000474974513, "epoch/epoch": 9, "epoch/learning_rate": 0.0010000000474974513, "_wandb": {"runtime": 366}}
